"","pairID","rbarD"
"1","NC_035077_1_70466474:NC_035077_1_70466483",0.825773635812094
"2","NC_035081_1_28579373:NC_035081_1_31675278",0.787258413459343
"3","NC_035081_1_28579373:NC_035081_1_47337540",0.70497983036429
"4","NC_035081_1_34973485:NC_035081_1_47337540",0.888077090729587
"5","NC_035081_1_34973485:NC_035081_1_56162785",0.89062670998515
"6","NC_035081_1_47337540:NC_035081_1_56162785",0.91442048178969
"7","NC_035082_1_40260800:NC_035082_1_40260970",0.864297941792867
"8","NC_035104_1_11618027:NC_035104_1_11641623",0.705013709475393
"9","NC_035104_1_11625241:NC_035104_1_11641623",0.787701139069664
"10","NC_035104_1_11625241:NC_035104_1_11658853",0.916959524329579
"11","NC_035104_1_11625241:NC_035104_1_11667915",0.744501928298336
"12","NC_035104_1_11641623:NC_035104_1_11658853",0.79311562832914
"13","NC_035104_1_11641623:NC_035104_1_11667915",0.84433237805749
"14","NC_035104_1_11658853:NC_035104_1_11667915",0.74339203890006
"15","NC_035104_1_11667578:NC_035104_1_11683204",0.738177171077392
